01 · Scenes,,,,,,,,
Define las escenas. Key Contexts se asignan a Scene; usa hasta 3 listas desplegables si hay varios.,,,,,,,,
,,,,,,,,
scene_id_ref,position,name,start_time,end_time,key_context_1,key_context_2,key_context_3,notes
S01,1,Netflix logo,00:00:00:00,00:00:09:00,,,,"Netflix logo, black background"
S02,2,Paris streets & monuments,00:00:09:00,00:00:12:00,Travel,,,"Eiffel Tower, Seine River, Paris skyline, bridge, establishing shot"
S03,3,Emily and Mindy walk in the street,00:00:12:00,00:01:39:00,Fashion,,,"Two women walking on a Paris street, fashion outfits, handbags, jewelry/accessories, flowers"
S04,4,Paris streets & monuments,00:01:39:00,00:01:44:00,Travel,,,"Paris street, Galerie Patrick Fourtin storefront/signage, historic architecture"
S05,5,Emily in her work office talking with her US boss,00:01:44:00,00:02:44:00,Family,Fashion,,"Office interior, baby stroller/infant carrier, baby products/accessories, floral arrangement, desk objects"
S06,6,Sylvie presenting Agence Grateau success cases,00:02:44:00,00:03:33:00,Fashion,Luxury,,"Office meeting/presentation, product/sample case, garment bag, books, flowers, artwork"
S07,7,Paris streets & monuments,00:03:33:00,00:03:35:00,Travel,,,"Pont Alexandre III, Seine River, Eiffel Tower/Paris skyline, decorative bridge sculpture, establishing shot"
S08,8,Emily messaging with Alfie,00:03:35:00,00:04:34:00,Technology,Fashion,,"Split-screen communication, smartphone, laptop/computer, office desks, desk lamps"
S09,9,Paris streets & monuments,00:04:34:00,00:04:39:00,Travel,,,"Aerial Paris cityscape, Notre-Dame, Seine River, bridges, establishing shot"
S10,10,Emily and her US boss go to Tiffany & Co.,00:04:39:00,00:06:09:00,Luxury,Fashion,,"Tiffany & Co. store/brand, jewelry retail environment, displays, handbags/accessories; Monoprix signage/brand if visible"
S11,11,Emily and her US boss walk in the street,00:06:09:00,00:06:26:00,Fashion,,,"Two women walking on a Paris street, fashion outfits, handbags, eyewear, jewelry/accessories"
S12,12,Emily and her US boss in a meeting,00:06:26:00,00:07:18:00,Fashion,Luxury,Beauty,"Luxury interior, perfume bottle, wristwatch, men's suit, floral arrangements, artwork"
S13,13,Emily and her US boss walk in the street,00:07:18:00,00:07:48:00,Fashion,,,"Two women walking on a Paris street, fashion outfits, handbags, eyewear, jewelry/accessories"
S14,14,Paris street and restaurant,00:07:48:00,00:07:50:00,Travel,Food & Beverage,,"Restaurant/bar exterior, storefront signage, Rue des Fossés Saint-Jacques street sign, 5e arrondissement sign, Paris street"
S15,15,Emily inside a restaurant,00:07:50:00,00:09:07:00,Food & Beverage,Fashion,,"Restaurant bar, bar counter, glassware, cocktail tools, handbag, diners"
S16,16,Emily at dinner with her boyfriend,00:09:07:00,00:10:42:00,Food & Beverage,Luxury,,"Couple dining at restaurant, plated food, wine/water glasses, table setting, upscale restaurant interior"
S17,17,Paris streets & monuments,00:10:42:00,00:10:47:00,Travel,,,"Paris bridge over the Seine at night, illuminated architecture, establishing shot"
S18,18,Emily in her apartment talking with Mindy,00:10:47:00,00:11:58:00,Home & Living,Fashion,,"Apartment kitchen, cookware, kettle, jars, bottles, sink, range hood, two women talking"
S19,19,Paris streets & monuments,00:11:58:00,00:12:04:00,Travel,,,"Eiffel Tower at sunset, Seine River, bridge, boats, Paris skyline, establishing shot"
S20,20,Sylvie talking with her team,00:12:04:00,00:12:48:00,Technology,,,"Office interior, two people on smartphones, desks, books, office furniture"
S21,21,Emily in her work office talking with her US boss,00:12:48:00,00:13:29:00,Fashion,Technology,,"Office interior, woman using smartphone, desktop computer, fashion outfit, artwork"
S22,22,Emily meets Luc at a bar by the Seine River,00:13:29:00,00:14:42:00,Food & Beverage,Travel,,"Outdoor café terrace by the Seine, Flore en L'Ile signage, Berthillon signage, drinks, tables, bicycles, riverside setting"
S23,23,Paris streets & monuments,00:14:42:00,00:14:45:00,Travel,,,"Jardin des Tuileries, Ferris wheel, gardens, flowers, Paris establishing shot"
S24,24,Emily and her US boss meet Luc in the Savoir office,00:14:45:00,00:16:32:00,Fashion,,,"Office meeting, fashion outfits/accessories, large pink water bottle, handbag, notebooks, desk lamp"
S25,25,Paris streets & monuments,00:16:32:00,00:16:37:00,Travel,,,"Trocadéro, Palais de Chaillot, La Défense skyline, Paris aerial establishing shot"
S26,26,Emily goes to a fashion party inside the Louvre,00:16:37:00,00:23:17:00,Fashion,Luxury,,"Fashion event/party, statement designer outfits, formal guests, upscale venue interior"
S27,27,Sylvie in her apartment reading press,00:23:17:00,00:23:34:00,Technology,Home & Living,,"Interior workspace/apartment, smartphone communication, on-screen message overlay, mug, books/papers, desk"
S28,28,Sylvie meets Nicolas de Leon in an upscale restaurant,00:23:34:00,00:24:53:00,Luxury,Food & Beverage,Travel,"Upscale restaurant/lounge, coffee cups and glassware, formal meeting, panoramic Paris skyline"
S29,29,Paris streets & monuments,00:24:53:00,00:24:58:00,Travel,,,"Arc de Triomphe, Champs-Élysées, Paris aerial skyline, establishing shot"
S30,30,"Sylvie, Luc & Julien meet at a terrace bar",00:24:58:00,00:26:25:00,Food & Beverage,Travel,,"Le Temps des Cerises café/restaurant, outdoor terrace, drinks, diners, street musician, Rue Cerisaie signage, Paris street"
S31,31,Paris streets & monuments,00:26:25:00,00:26:32:00,Travel,,,"Eiffel Tower at night, illuminated Paris skyline, city lights, aerial establishing shot"
S32,32,Emily is at a venue with her friends; Mindy is singing,00:26:32:00,00:30:09:00,Food & Beverage,Fashion,,"Live music venue/bar, audience, beer and drinks, evening social gathering, performance/event environment"
S33,33,Credits,00:30:09:00,00:31:06:00,,,,"End credits, white text on black background"
S34,34,Netflix logo,00:31:06:00,00:31:11:00,,,,"Netflix logo, black background"
