03 · Appearances,,,,,,,,,,,,,,,,
"Registra cuándo y cómo aparece cada elemento. Modality, Source y Relevant For usan listas canónicas. Dos modalidades y tres verticales permiten multivalor sin macros.",,,,,,,,,,,,,,,,
,,,,,,,,,,,,,,,,
appearance_id_ref,element_id_ref,scene_id_ref,start_time,end_time,modality_1,modality_2,pos_x,pos_y,w,h,source,provenance,relevant_for_1,relevant_for_2,relevant_for_3,notes
A0001,E001,S05,00:02:37.700,00:02:42.500,VISUAL,,0.636,0.827,,,IMPORTED,Imported from legacy Project 12 object_id=6; normalized from hotspot track using source gap rule (>1s starts a new appearance),ADVERTISING,INTERACTIVE,,w/h unavailable in source export.
A0002,E001,S10,00:05:45.200,00:05:47.700,VISUAL,,0.329,0.924,,,IMPORTED,Imported from legacy Project 12 object_id=6; normalized from hotspot track using source gap rule (>1s starts a new appearance),ADVERTISING,INTERACTIVE,,w/h unavailable in source export.
A0003,E001,S15,00:08:20.300,00:08:23.400,VISUAL,,0.899,0.708,,,IMPORTED,Imported from legacy Project 12 object_id=6; normalized from hotspot track using source gap rule (>1s starts a new appearance),ADVERTISING,INTERACTIVE,,w/h unavailable in source export.
A0004,E001,S15,00:08:33.500,00:08:35.600,VISUAL,,0.924,0.726,,,IMPORTED,Imported from legacy Project 12 object_id=6; normalized from hotspot track using source gap rule (>1s starts a new appearance),ADVERTISING,INTERACTIVE,,w/h unavailable in source export.
A0005,E001,S18,00:10:55.700,00:10:59.600,VISUAL,,0.152,0.225,,,IMPORTED,Imported from legacy Project 12 object_id=6; normalized from hotspot track using source gap rule (>1s starts a new appearance),ADVERTISING,INTERACTIVE,,w/h unavailable in source export.
A0006,E001,S24,00:14:45.600,00:14:49.300,VISUAL,,0.321,0.708,,,IMPORTED,Imported from legacy Project 12 object_id=6; normalized from hotspot track using source gap rule (>1s starts a new appearance),ADVERTISING,INTERACTIVE,,w/h unavailable in source export.
A0007,E001,S24,00:14:56.900,00:14:59.100,VISUAL,,0.753,0.933,,,IMPORTED,Imported from legacy Project 12 object_id=6; normalized from hotspot track using source gap rule (>1s starts a new appearance),ADVERTISING,INTERACTIVE,,w/h unavailable in source export.
A0008,E001,S24,00:15:02.600,00:15:04.600,VISUAL,,0.083,0.731,,,IMPORTED,Imported from legacy Project 12 object_id=6; normalized from hotspot track using source gap rule (>1s starts a new appearance),ADVERTISING,INTERACTIVE,,w/h unavailable in source export.
A0009,E001,S24,00:15:06.500,00:15:10.200,VISUAL,,0.082,0.731,,,IMPORTED,Imported from legacy Project 12 object_id=6; normalized from hotspot track using source gap rule (>1s starts a new appearance),ADVERTISING,INTERACTIVE,,w/h unavailable in source export.
A0010,E001,S24,00:15:18.600,00:15:20.800,VISUAL,,0.367,0.625,,,IMPORTED,Imported from legacy Project 12 object_id=6; normalized from hotspot track using source gap rule (>1s starts a new appearance),ADVERTISING,INTERACTIVE,,w/h unavailable in source export.
A0011,E001,S24,00:15:57.500,00:16:00.700,VISUAL,,0.07,0.734,,,IMPORTED,Imported from legacy Project 12 object_id=6; normalized from hotspot track using source gap rule (>1s starts a new appearance),ADVERTISING,INTERACTIVE,,w/h unavailable in source export.
A0012,E001,S24,00:16:17.300,00:16:25.200,VISUAL,,0.36,0.632,,,IMPORTED,Imported from legacy Project 12 object_id=6; normalized from hotspot track using source gap rule (>1s starts a new appearance),ADVERTISING,INTERACTIVE,,w/h unavailable in source export.
A0013,E001,S24,00:16:27.200,00:16:30.600,VISUAL,,0.36,0.633,,,IMPORTED,Imported from legacy Project 12 object_id=6; normalized from hotspot track using source gap rule (>1s starts a new appearance),ADVERTISING,INTERACTIVE,,w/h unavailable in source export.
A0014,E001,S30,00:25:04.600,00:25:07.200,VISUAL,,0.125,0.651,,,IMPORTED,Imported from legacy Project 12 object_id=6; normalized from hotspot track using source gap rule (>1s starts a new appearance),ADVERTISING,INTERACTIVE,,w/h unavailable in source export.
A0015,E001,S30,00:25:07.900,00:25:12.200,VISUAL,,0.599,0.761,,,IMPORTED,Imported from legacy Project 12 object_id=6; normalized from hotspot track using source gap rule (>1s starts a new appearance),ADVERTISING,INTERACTIVE,,w/h unavailable in source export.
A0016,E001,S30,00:25:32.700,00:25:37.200,VISUAL,,0.6,0.73,,,IMPORTED,Imported from legacy Project 12 object_id=6; normalized from hotspot track using source gap rule (>1s starts a new appearance),ADVERTISING,INTERACTIVE,,w/h unavailable in source export.
A0017,E001,S30,00:25:38.300,00:25:40.300,VISUAL,,0.361,0.769,,,IMPORTED,Imported from legacy Project 12 object_id=6; normalized from hotspot track using source gap rule (>1s starts a new appearance),ADVERTISING,INTERACTIVE,,w/h unavailable in source export.
A0018,E001,S30,00:25:40.400,00:25:44.300,VISUAL,,0.6,0.74,,,IMPORTED,Imported from legacy Project 12 object_id=6; normalized from hotspot track using source gap rule (>1s starts a new appearance),ADVERTISING,INTERACTIVE,,w/h unavailable in source export.
A0019,E002,S05,00:02:04.500,00:02:07.500,VISUAL,,0.739,0.838,,,IMPORTED,Imported from legacy Project 12 object_id=9; normalized from hotspot track using source gap rule (>1s starts a new appearance),ADVERTISING,INTERACTIVE,,w/h unavailable in source export.
A0020,E002,S06,00:02:45.100,00:02:53.400,VISUAL,,,,,,IMPORTED,Imported from legacy Project 12 object_id=9; normalized from hotspot track using source gap rule (>1s starts a new appearance),ADVERTISING,INTERACTIVE,,w/h unavailable in source export.
A0021,E003,S09,00:04:37.100,00:04:39.600,VISUAL,,0.78,0.409,,,IMPORTED,Imported from legacy Project 12 object_id=11; normalized from hotspot track using source gap rule (>1s starts a new appearance),ADVERTISING,INTERACTIVE,,w/h unavailable in source export.
A0022,E003,S17,00:10:41.900,00:10:44.900,VISUAL,,0.751,0.193,,,IMPORTED,Imported from legacy Project 12 object_id=11; normalized from hotspot track using source gap rule (>1s starts a new appearance),ADVERTISING,INTERACTIVE,,w/h unavailable in source export.
A0023,E004,S05,00:02:28.000,00:02:41.600,VISUAL,,0.629,0.751,,,IMPORTED,Imported from legacy Project 12 object_id=15; normalized from hotspot track using source gap rule (>1s starts a new appearance),ADVERTISING,INTERACTIVE,,w/h unavailable in source export.
A0024,E004,S08,00:04:20.500,00:04:23.500,VISUAL,,0.275,0.639,,,IMPORTED,Imported from legacy Project 12 object_id=15; normalized from hotspot track using source gap rule (>1s starts a new appearance),ADVERTISING,INTERACTIVE,,w/h unavailable in source export.
A0025,E004,S08,00:04:27.800,00:04:30.800,VISUAL,,0.251,0.613,,,IMPORTED,Imported from legacy Project 12 object_id=15; normalized from hotspot track using source gap rule (>1s starts a new appearance),ADVERTISING,INTERACTIVE,,w/h unavailable in source export.
A0026,E004,S10,00:04:42.800,00:04:46.800,VISUAL,,0.398,0.644,,,IMPORTED,Imported from legacy Project 12 object_id=15; normalized from hotspot track using source gap rule (>1s starts a new appearance),ADVERTISING,INTERACTIVE,,w/h unavailable in source export.
A0027,E004,S10,00:04:52.700,00:04:57.700,VISUAL,,0.553,0.595,,,IMPORTED,Imported from legacy Project 12 object_id=15; normalized from hotspot track using source gap rule (>1s starts a new appearance),ADVERTISING,INTERACTIVE,,w/h unavailable in source export.
A0028,E004,S10,00:05:00.400,00:05:06.400,VISUAL,,0.67,0.695,,,IMPORTED,Imported from legacy Project 12 object_id=15; normalized from hotspot track using source gap rule (>1s starts a new appearance),ADVERTISING,INTERACTIVE,,w/h unavailable in source export.
A0029,E004,S10,00:05:11.000,00:05:16.000,VISUAL,,0.572,0.573,,,IMPORTED,Imported from legacy Project 12 object_id=15; normalized from hotspot track using source gap rule (>1s starts a new appearance),ADVERTISING,INTERACTIVE,,w/h unavailable in source export.
A0030,E004,S10,00:05:41.900,00:05:42.900,VISUAL,,0.267,0.604,,,IMPORTED,Imported from legacy Project 12 object_id=15; normalized from hotspot track using source gap rule (>1s starts a new appearance),ADVERTISING,INTERACTIVE,,w/h unavailable in source export.
A0031,E004,S10,00:05:45.500,00:05:53.500,VISUAL,,0.337,0.959,,,IMPORTED,Imported from legacy Project 12 object_id=15; normalized from hotspot track using source gap rule (>1s starts a new appearance),ADVERTISING,INTERACTIVE,,w/h unavailable in source export.
A0032,E004,S11,00:06:11.100,00:06:25.100,VISUAL,,0.328,0.636,,,IMPORTED,Imported from legacy Project 12 object_id=15; normalized from hotspot track using source gap rule (>1s starts a new appearance),ADVERTISING,INTERACTIVE,,w/h unavailable in source export.
A0033,E004,S12,00:06:31.700,00:06:35.700,VISUAL,,0.896,0.739,,,IMPORTED,Imported from legacy Project 12 object_id=15; normalized from hotspot track using source gap rule (>1s starts a new appearance),ADVERTISING,INTERACTIVE,,w/h unavailable in source export.
A0034,E004,S12,00:06:42.000,00:06:47.000,VISUAL,,0.78,0.708,,,IMPORTED,Imported from legacy Project 12 object_id=15; normalized from hotspot track using source gap rule (>1s starts a new appearance),ADVERTISING,INTERACTIVE,,w/h unavailable in source export.
A0035,E004,S12,00:07:14.800,00:07:16.800,VISUAL,,0.559,0.588,,,IMPORTED,Imported from legacy Project 12 object_id=15; normalized from hotspot track using source gap rule (>1s starts a new appearance),ADVERTISING,INTERACTIVE,,w/h unavailable in source export.
A0036,E004,S13,00:07:19.400,00:07:29.400,VISUAL,,0.192,0.691,,,IMPORTED,Imported from legacy Project 12 object_id=15; normalized from hotspot track using source gap rule (>1s starts a new appearance),ADVERTISING,INTERACTIVE,,w/h unavailable in source export.
A0037,E004,S21,00:12:52.800,00:13:21.400,VISUAL,,0.553,0.713,,,IMPORTED,Imported from legacy Project 12 object_id=15; normalized from hotspot track using source gap rule (>1s starts a new appearance),ADVERTISING,INTERACTIVE,,w/h unavailable in source export.
A0038,E004,S24,00:14:46.300,00:14:48.300,VISUAL,,0.325,0.702,,,IMPORTED,Imported from legacy Project 12 object_id=15; normalized from hotspot track using source gap rule (>1s starts a new appearance),ADVERTISING,INTERACTIVE,,w/h unavailable in source export.
A0039,E004,S24,00:14:52.300,00:14:56.300,VISUAL,,0.345,0.731,,,IMPORTED,Imported from legacy Project 12 object_id=15; normalized from hotspot track using source gap rule (>1s starts a new appearance),ADVERTISING,INTERACTIVE,,w/h unavailable in source export.
A0040,E004,S24,00:15:02.600,00:15:03.600,VISUAL,,0.073,0.727,,,IMPORTED,Imported from legacy Project 12 object_id=15; normalized from hotspot track using source gap rule (>1s starts a new appearance),ADVERTISING,INTERACTIVE,,w/h unavailable in source export.
A0041,E004,S24,00:15:06.900,00:15:09.900,VISUAL,,0.08,0.752,,,IMPORTED,Imported from legacy Project 12 object_id=15; normalized from hotspot track using source gap rule (>1s starts a new appearance),ADVERTISING,INTERACTIVE,,w/h unavailable in source export.
A0042,E004,S24,00:15:19.200,00:15:20.200,VISUAL,,0.362,0.633,,,IMPORTED,Imported from legacy Project 12 object_id=15; normalized from hotspot track using source gap rule (>1s starts a new appearance),ADVERTISING,INTERACTIVE,,w/h unavailable in source export.
A0043,E004,S24,00:15:25.100,00:15:31.100,VISUAL,,0.681,0.74,,,IMPORTED,Imported from legacy Project 12 object_id=15; normalized from hotspot track using source gap rule (>1s starts a new appearance),ADVERTISING,INTERACTIVE,,w/h unavailable in source export.
A0044,E004,S24,00:15:33.100,00:15:41.100,VISUAL,,0.357,0.795,,,IMPORTED,Imported from legacy Project 12 object_id=15; normalized from hotspot track using source gap rule (>1s starts a new appearance),ADVERTISING,INTERACTIVE,,w/h unavailable in source export.
A0045,E004,S24,00:15:51.100,00:15:52.100,VISUAL,,0.322,0.749,,,IMPORTED,Imported from legacy Project 12 object_id=15; normalized from hotspot track using source gap rule (>1s starts a new appearance),ADVERTISING,INTERACTIVE,,w/h unavailable in source export.
A0046,E004,S24,00:15:57.700,00:16:01.700,VISUAL,,0.337,0.66,,,IMPORTED,Imported from legacy Project 12 object_id=15; normalized from hotspot track using source gap rule (>1s starts a new appearance),ADVERTISING,INTERACTIVE,,w/h unavailable in source export.
A0047,E004,S24,00:16:17.900,00:16:24.900,VISUAL,,0.366,0.648,,,IMPORTED,Imported from legacy Project 12 object_id=15; normalized from hotspot track using source gap rule (>1s starts a new appearance),ADVERTISING,INTERACTIVE,,w/h unavailable in source export.
A0048,E004,S24,00:16:27.200,00:16:30.200,VISUAL,,0.368,0.681,,,IMPORTED,Imported from legacy Project 12 object_id=15; normalized from hotspot track using source gap rule (>1s starts a new appearance),ADVERTISING,INTERACTIVE,,w/h unavailable in source export.
A0049,E005,S03,00:00:17.000,00:01:35.000,VISUAL,,0.405,0.709,,,IMPORTED,Imported from legacy Project 12 object_id=16; normalized from hotspot track using source gap rule (>1s starts a new appearance),ADVERTISING,INTERACTIVE,,w/h unavailable in source export.
A0050,E005,S05,00:01:45.500,00:02:44.300,VISUAL,,0.413,0.694,,,IMPORTED,Imported from legacy Project 12 object_id=16; normalized from hotspot track using source gap rule (>1s starts a new appearance),ADVERTISING,INTERACTIVE,,w/h unavailable in source export.
A0051,E005,S08,00:03:37.400,00:04:14.200,VISUAL,,0.623,0.661,,,IMPORTED,Imported from legacy Project 12 object_id=16; normalized from hotspot track using source gap rule (>1s starts a new appearance),ADVERTISING,INTERACTIVE,,w/h unavailable in source export.
A0052,E005,S08,00:04:18.900,00:04:33.900,VISUAL,,0.784,0.594,,,IMPORTED,Imported from legacy Project 12 object_id=16; normalized from hotspot track using source gap rule (>1s starts a new appearance),ADVERTISING,INTERACTIVE,,w/h unavailable in source export.
A0053,E005,S10,00:04:43.800,00:04:46.800,VISUAL,,0.283,0.492,,,IMPORTED,Imported from legacy Project 12 object_id=16; normalized from hotspot track using source gap rule (>1s starts a new appearance),ADVERTISING,INTERACTIVE,,w/h unavailable in source export.
A0054,E005,S10,00:04:53.700,00:05:06.700,VISUAL,,0.471,0.558,,,IMPORTED,Imported from legacy Project 12 object_id=16; normalized from hotspot track using source gap rule (>1s starts a new appearance),ADVERTISING,INTERACTIVE,,w/h unavailable in source export.
A0055,E005,S10,00:05:10.700,00:05:17.700,VISUAL,,0.463,0.601,,,IMPORTED,Imported from legacy Project 12 object_id=16; normalized from hotspot track using source gap rule (>1s starts a new appearance),ADVERTISING,INTERACTIVE,,w/h unavailable in source export.
A0056,E005,S10,00:05:21.000,00:05:22.000,VISUAL,,0.839,0.78,,,IMPORTED,Imported from legacy Project 12 object_id=16; normalized from hotspot track using source gap rule (>1s starts a new appearance),ADVERTISING,INTERACTIVE,,w/h unavailable in source export.
A0057,E005,S10,00:05:35.600,00:05:36.600,VISUAL,,0.419,0.847,,,IMPORTED,Imported from legacy Project 12 object_id=16; normalized from hotspot track using source gap rule (>1s starts a new appearance),ADVERTISING,INTERACTIVE,,w/h unavailable in source export.
A0058,E005,S10,00:05:42.200,00:05:43.200,VISUAL,,0.478,0.459,,,IMPORTED,Imported from legacy Project 12 object_id=16; normalized from hotspot track using source gap rule (>1s starts a new appearance),ADVERTISING,INTERACTIVE,,w/h unavailable in source export.
A0059,E005,S10,00:05:58.500,00:05:59.500,VISUAL,,0.455,0.468,,,IMPORTED,Imported from legacy Project 12 object_id=16; normalized from hotspot track using source gap rule (>1s starts a new appearance),ADVERTISING,INTERACTIVE,,w/h unavailable in source export.
A0060,E005,S10,00:06:07.800,00:06:08.800,VISUAL,,0.245,0.804,,,IMPORTED,Imported from legacy Project 12 object_id=16; normalized from hotspot track using source gap rule (>1s starts a new appearance),ADVERTISING,INTERACTIVE,,w/h unavailable in source export.
A0061,E005,S11,00:06:11.100,00:06:25.100,VISUAL,,0.723,0.645,,,IMPORTED,Imported from legacy Project 12 object_id=16; normalized from hotspot track using source gap rule (>1s starts a new appearance),ADVERTISING,INTERACTIVE,,w/h unavailable in source export.
A0062,E005,S12,00:06:31.700,00:06:34.700,VISUAL,,0.173,0.727,,,IMPORTED,Imported from legacy Project 12 object_id=16; normalized from hotspot track using source gap rule (>1s starts a new appearance),ADVERTISING,INTERACTIVE,,w/h unavailable in source export.
A0063,E005,S12,00:06:37.000,00:06:39.000,VISUAL,,0.497,0.644,,,IMPORTED,Imported from legacy Project 12 object_id=16; normalized from hotspot track using source gap rule (>1s starts a new appearance),ADVERTISING,INTERACTIVE,,w/h unavailable in source export.
A0064,E005,S12,00:06:49.600,00:07:17.600,VISUAL,,0.588,0.563,,,IMPORTED,Imported from legacy Project 12 object_id=16; normalized from hotspot track using source gap rule (>1s starts a new appearance),ADVERTISING,INTERACTIVE,,w/h unavailable in source export.
A0065,E005,S13,00:07:19.100,00:07:47.100,VISUAL,,0.726,0.726,,,IMPORTED,Imported from legacy Project 12 object_id=16; normalized from hotspot track using source gap rule (>1s starts a new appearance),ADVERTISING,INTERACTIVE,,w/h unavailable in source export.
A0066,E005,S15,00:07:51.700,00:09:05.700,VISUAL,,0.42,0.587,,,IMPORTED,Imported from legacy Project 12 object_id=16; normalized from hotspot track using source gap rule (>1s starts a new appearance),ADVERTISING,INTERACTIVE,,w/h unavailable in source export.
A0067,E005,S18,00:10:47.300,00:10:53.300,VISUAL,,0.162,0.465,,,IMPORTED,Imported from legacy Project 12 object_id=16; normalized from hotspot track using source gap rule (>1s starts a new appearance),ADVERTISING,INTERACTIVE,,w/h unavailable in source export.
A0068,E005,S18,00:11:03.600,00:11:57.600,VISUAL,,0.215,0.644,,,IMPORTED,Imported from legacy Project 12 object_id=16; normalized from hotspot track using source gap rule (>1s starts a new appearance),ADVERTISING,INTERACTIVE,,w/h unavailable in source export.
A0069,E006,S03,00:00:17.000,00:01:37.000,VISUAL,,0.379,0.782,,,IMPORTED,Imported from legacy Project 12 object_id=17; normalized from hotspot track using source gap rule (>1s starts a new appearance),ADVERTISING,INTERACTIVE,,w/h unavailable in source export.
A0070,E007,S03,00:00:18.000,00:01:09.000,VISUAL,,0.522,0.949,,,IMPORTED,Imported from legacy Project 12 object_id=18; normalized from hotspot track using source gap rule (>1s starts a new appearance),ADVERTISING,INTERACTIVE,,w/h unavailable in source export.
A0071,E007,S10,00:04:43.000,00:04:46.000,VISUAL,,0.272,0.668,,,IMPORTED,Imported from legacy Project 12 object_id=18; normalized from hotspot track using source gap rule (>1s starts a new appearance),ADVERTISING,INTERACTIVE,,w/h unavailable in source export.
A0072,E007,S13,00:07:41.100,00:07:48.100,VISUAL,,0.629,0.903,,,IMPORTED,Imported from legacy Project 12 object_id=18; normalized from hotspot track using source gap rule (>1s starts a new appearance),ADVERTISING,INTERACTIVE,,w/h unavailable in source export.
A0073,E007,S15,00:07:52.700,00:08:07.700,VISUAL,,0.501,0.724,,,IMPORTED,Imported from legacy Project 12 object_id=18; normalized from hotspot track using source gap rule (>1s starts a new appearance),ADVERTISING,INTERACTIVE,,w/h unavailable in source export.
A0074,E007,S15,00:08:27.200,00:08:32.200,VISUAL,,0.112,0.853,,,IMPORTED,Imported from legacy Project 12 object_id=18; normalized from hotspot track using source gap rule (>1s starts a new appearance),ADVERTISING,INTERACTIVE,,w/h unavailable in source export.
A0075,E007,S15,00:08:53.800,00:09:06.800,VISUAL,,0.332,0.863,,,IMPORTED,Imported from legacy Project 12 object_id=18; normalized from hotspot track using source gap rule (>1s starts a new appearance),ADVERTISING,INTERACTIVE,,w/h unavailable in source export.
A0076,E007,S18,00:10:48.000,00:10:51.000,VISUAL,,0.158,0.641,,,IMPORTED,Imported from legacy Project 12 object_id=18; normalized from hotspot track using source gap rule (>1s starts a new appearance),ADVERTISING,INTERACTIVE,,w/h unavailable in source export.
A0077,E007,S18,00:11:03.200,00:11:06.200,VISUAL,,0.423,0.963,,,IMPORTED,Imported from legacy Project 12 object_id=18; normalized from hotspot track using source gap rule (>1s starts a new appearance),ADVERTISING,INTERACTIVE,,w/h unavailable in source export.
A0078,E007,S18,00:11:11.900,00:11:15.900,VISUAL,,0.136,0.731,,,IMPORTED,Imported from legacy Project 12 object_id=18; normalized from hotspot track using source gap rule (>1s starts a new appearance),ADVERTISING,INTERACTIVE,,w/h unavailable in source export.
A0079,E008,S03,00:00:17.000,00:00:40.800,VISUAL,,0.355,0.762,,,IMPORTED,Imported from legacy Project 12 object_id=19; normalized from hotspot track using source gap rule (>1s starts a new appearance),ADVERTISING,INTERACTIVE,,w/h unavailable in source export.
A0080,E009,S03,00:00:12.000,00:01:09.000,VISUAL,,0.226,0.468,,,IMPORTED,Imported from legacy Project 12 object_id=20; normalized from hotspot track using source gap rule (>1s starts a new appearance),ADVERTISING,INTERACTIVE,,w/h unavailable in source export.
A0081,E009,S14,00:07:48.700,00:07:50.700,VISUAL,,0.279,0.687,,,IMPORTED,Imported from legacy Project 12 object_id=20; normalized from hotspot track using source gap rule (>1s starts a new appearance),ADVERTISING,INTERACTIVE,,w/h unavailable in source export.
A0082,E010,S03,00:00:12.000,00:01:05.000,VISUAL,,0.205,0.589,,,IMPORTED,Imported from legacy Project 12 object_id=21; normalized from hotspot track using source gap rule (>1s starts a new appearance),ADVERTISING,INTERACTIVE,,w/h unavailable in source export.
A0083,E011,S05,00:01:53.200,00:01:54.200,VISUAL,,0.699,0.722,,,IMPORTED,Imported from legacy Project 12 object_id=23; normalized from hotspot track using source gap rule (>1s starts a new appearance),ADVERTISING,INTERACTIVE,,w/h unavailable in source export.
A0084,E011,S05,00:02:05.400,00:02:06.400,VISUAL,,0.345,0.71,,,IMPORTED,Imported from legacy Project 12 object_id=23; normalized from hotspot track using source gap rule (>1s starts a new appearance),ADVERTISING,INTERACTIVE,,w/h unavailable in source export.
A0085,E011,S05,00:02:36.600,00:02:41.600,VISUAL,,0.356,0.736,,,IMPORTED,Imported from legacy Project 12 object_id=23; normalized from hotspot track using source gap rule (>1s starts a new appearance),ADVERTISING,INTERACTIVE,,w/h unavailable in source export.
A0086,E011,S08,00:04:20.500,00:04:23.500,VISUAL,,0.47,0.807,,,IMPORTED,Imported from legacy Project 12 object_id=23; normalized from hotspot track using source gap rule (>1s starts a new appearance),ADVERTISING,INTERACTIVE,,w/h unavailable in source export.
A0087,E011,S08,00:04:28.500,00:04:31.500,VISUAL,,0.409,0.817,,,IMPORTED,Imported from legacy Project 12 object_id=23; normalized from hotspot track using source gap rule (>1s starts a new appearance),ADVERTISING,INTERACTIVE,,w/h unavailable in source export.
A0088,E011,S10,00:04:45.800,00:04:47.800,VISUAL,,0.287,0.544,,,IMPORTED,Imported from legacy Project 12 object_id=23; normalized from hotspot track using source gap rule (>1s starts a new appearance),ADVERTISING,INTERACTIVE,,w/h unavailable in source export.
A0089,E011,S10,00:04:52.700,00:04:57.700,VISUAL,,0.538,0.805,,,IMPORTED,Imported from legacy Project 12 object_id=23; normalized from hotspot track using source gap rule (>1s starts a new appearance),ADVERTISING,INTERACTIVE,,w/h unavailable in source export.
A0090,E011,S10,00:05:00.700,00:05:06.700,VISUAL,,0.76,0.917,,,IMPORTED,Imported from legacy Project 12 object_id=23; normalized from hotspot track using source gap rule (>1s starts a new appearance),ADVERTISING,INTERACTIVE,,w/h unavailable in source export.
A0091,E011,S10,00:05:11.000,00:05:16.000,VISUAL,,0.469,0.797,,,IMPORTED,Imported from legacy Project 12 object_id=23; normalized from hotspot track using source gap rule (>1s starts a new appearance),ADVERTISING,INTERACTIVE,,w/h unavailable in source export.
A0092,E011,S11,00:06:10.800,00:06:25.800,VISUAL,,0.515,0.865,,,IMPORTED,Imported from legacy Project 12 object_id=23; normalized from hotspot track using source gap rule (>1s starts a new appearance),ADVERTISING,INTERACTIVE,,w/h unavailable in source export.
A0093,E011,S12,00:06:31.000,00:06:36.000,VISUAL,,0.787,0.839,,,IMPORTED,Imported from legacy Project 12 object_id=23; normalized from hotspot track using source gap rule (>1s starts a new appearance),ADVERTISING,INTERACTIVE,,w/h unavailable in source export.
A0094,E011,S12,00:06:42.000,00:06:43.000,VISUAL,,0.697,0.835,,,IMPORTED,Imported from legacy Project 12 object_id=23; normalized from hotspot track using source gap rule (>1s starts a new appearance),ADVERTISING,INTERACTIVE,,w/h unavailable in source export.
A0095,E011,S12,00:06:46.300,00:06:47.300,VISUAL,,0.713,0.853,,,IMPORTED,Imported from legacy Project 12 object_id=23; normalized from hotspot track using source gap rule (>1s starts a new appearance),ADVERTISING,INTERACTIVE,,w/h unavailable in source export.
A0096,E011,S12,00:07:07.200,00:07:12.200,VISUAL,,0.425,0.812,,,IMPORTED,Imported from legacy Project 12 object_id=23; normalized from hotspot track using source gap rule (>1s starts a new appearance),ADVERTISING,INTERACTIVE,,w/h unavailable in source export.
A0097,E011,S13,00:07:19.100,00:07:39.100,VISUAL,,0.399,0.619,,,IMPORTED,Imported from legacy Project 12 object_id=23; normalized from hotspot track using source gap rule (>1s starts a new appearance),ADVERTISING,INTERACTIVE,,w/h unavailable in source export.
A0098,E012,S06,00:02:47.600,00:02:53.600,VISUAL,,0.225,0.449,,,IMPORTED,Imported from legacy Project 12 object_id=24; normalized from hotspot track using source gap rule (>1s starts a new appearance),ADVERTISING,INTERACTIVE,,w/h unavailable in source export.
A0099,E012,S06,00:03:00.900,00:03:04.900,VISUAL,,0.346,0.65,,,IMPORTED,Imported from legacy Project 12 object_id=24; normalized from hotspot track using source gap rule (>1s starts a new appearance),ADVERTISING,INTERACTIVE,,w/h unavailable in source export.
A0100,E012,S06,00:03:12.500,00:03:13.500,VISUAL,,0.333,0.679,,,IMPORTED,Imported from legacy Project 12 object_id=24; normalized from hotspot track using source gap rule (>1s starts a new appearance),ADVERTISING,INTERACTIVE,,w/h unavailable in source export.
A0101,E012,S06,00:03:27.100,00:03:28.100,VISUAL,,0.342,0.7,,,IMPORTED,Imported from legacy Project 12 object_id=24; normalized from hotspot track using source gap rule (>1s starts a new appearance),ADVERTISING,INTERACTIVE,,w/h unavailable in source export.
A0102,E012,S08,00:04:02.400,00:04:05.700,VISUAL,,0.266,0.701,,,IMPORTED,Imported from legacy Project 12 object_id=24; normalized from hotspot track using source gap rule (>1s starts a new appearance),ADVERTISING,INTERACTIVE,,w/h unavailable in source export.
A0103,E013,S06,00:02:45.600,00:02:53.600,VISUAL,,0.695,0.35,,,IMPORTED,Imported from legacy Project 12 object_id=25; normalized from hotspot track using source gap rule (>1s starts a new appearance),ADVERTISING,INTERACTIVE,,w/h unavailable in source export.
A0104,E013,S06,00:03:00.200,00:03:05.200,VISUAL,,0.524,0.613,,,IMPORTED,Imported from legacy Project 12 object_id=25; normalized from hotspot track using source gap rule (>1s starts a new appearance),ADVERTISING,INTERACTIVE,,w/h unavailable in source export.
A0105,E013,S06,00:03:26.400,00:03:27.400,VISUAL,,0.523,0.668,,,IMPORTED,Imported from legacy Project 12 object_id=25; normalized from hotspot track using source gap rule (>1s starts a new appearance),ADVERTISING,INTERACTIVE,,w/h unavailable in source export.
A0106,E014,S04,00:01:42.400,00:01:45.100,VISUAL,,0.04,0.362,,,IMPORTED,Imported from legacy Project 12 object_id=26; normalized from hotspot track using source gap rule (>1s starts a new appearance),,,,"w/h unavailable in source export. High-density track: this row is a robust interval from a partial reconciliation, not a claim of exhaustive migration."
A0107,E014,S06,00:02:51.900,00:02:53.900,VISUAL,,0.521,0.277,,,IMPORTED,Imported from legacy Project 12 object_id=26; normalized from hotspot track using source gap rule (>1s starts a new appearance),,,,"w/h unavailable in source export. High-density track: this row is a robust interval from a partial reconciliation, not a claim of exhaustive migration."
A0108,E014,S06,00:02:59.900,00:03:04.900,VISUAL,,0.494,0.302,,,IMPORTED,Imported from legacy Project 12 object_id=26; normalized from hotspot track using source gap rule (>1s starts a new appearance),,,,"w/h unavailable in source export. High-density track: this row is a robust interval from a partial reconciliation, not a claim of exhaustive migration."
A0109,E014,S06,00:03:11.900,00:03:14.000,VISUAL,,0.493,0.267,,,IMPORTED,Imported from legacy Project 12 object_id=26; normalized from hotspot track using source gap rule (>1s starts a new appearance),,,,"w/h unavailable in source export. High-density track: this row is a robust interval from a partial reconciliation, not a claim of exhaustive migration."
A0110,E014,S06,00:03:19.500,00:03:21.500,VISUAL,,0.077,0.586,,,IMPORTED,Imported from legacy Project 12 object_id=26; normalized from hotspot track using source gap rule (>1s starts a new appearance),,,,"w/h unavailable in source export. High-density track: this row is a robust interval from a partial reconciliation, not a claim of exhaustive migration."
A0111,E014,S06,00:03:26.400,00:03:27.400,VISUAL,,0.481,0.366,,,IMPORTED,Imported from legacy Project 12 object_id=26; normalized from hotspot track using source gap rule (>1s starts a new appearance),,,,"w/h unavailable in source export. High-density track: this row is a robust interval from a partial reconciliation, not a claim of exhaustive migration."
A0112,E014,S06,00:03:31.000,00:03:33.600,VISUAL,,0.112,0.503,,,IMPORTED,Imported from legacy Project 12 object_id=26; normalized from hotspot track using source gap rule (>1s starts a new appearance),,,,"w/h unavailable in source export. High-density track: this row is a robust interval from a partial reconciliation, not a claim of exhaustive migration."
A0113,E014,S08,00:03:49.000,00:03:54.900,VISUAL,,0.046,0.628,,,IMPORTED,Imported from legacy Project 12 object_id=26; normalized from hotspot track using source gap rule (>1s starts a new appearance),,,,"w/h unavailable in source export. High-density track: this row is a robust interval from a partial reconciliation, not a claim of exhaustive migration."
A0114,E014,S08,00:04:02.300,00:04:08.700,VISUAL,,0.047,0.621,,,IMPORTED,Imported from legacy Project 12 object_id=26; normalized from hotspot track using source gap rule (>1s starts a new appearance),,,,"w/h unavailable in source export. High-density track: this row is a robust interval from a partial reconciliation, not a claim of exhaustive migration."
A0115,E014,S08,00:04:13.900,00:04:18.500,VISUAL,,,,,,IMPORTED,Imported from legacy Project 12 object_id=26; normalized from hotspot track using source gap rule (>1s starts a new appearance),,,,"w/h unavailable in source export. High-density track: this row is a robust interval from a partial reconciliation, not a claim of exhaustive migration."
A0116,E014,S10,00:05:03.400,00:05:05.500,VISUAL,,0.961,0.245,,,IMPORTED,Imported from legacy Project 12 object_id=26; normalized from hotspot track using source gap rule (>1s starts a new appearance),,,,"w/h unavailable in source export. High-density track: this row is a robust interval from a partial reconciliation, not a claim of exhaustive migration."
A0117,E014,S10,00:05:07.500,00:05:10.400,VISUAL,,0.191,0.807,,,IMPORTED,Imported from legacy Project 12 object_id=26; normalized from hotspot track using source gap rule (>1s starts a new appearance),,,,"w/h unavailable in source export. High-density track: this row is a robust interval from a partial reconciliation, not a claim of exhaustive migration."
A0118,E014,S10,00:05:56.200,00:05:58.400,VISUAL,,0.15,0.812,,,IMPORTED,Imported from legacy Project 12 object_id=26; normalized from hotspot track using source gap rule (>1s starts a new appearance),,,,"w/h unavailable in source export. High-density track: this row is a robust interval from a partial reconciliation, not a claim of exhaustive migration."
A0119,E014,S12,00:06:53.400,00:06:55.400,VISUAL,,0.496,0.262,,,IMPORTED,Imported from legacy Project 12 object_id=26; normalized from hotspot track using source gap rule (>1s starts a new appearance),,,,"w/h unavailable in source export. High-density track: this row is a robust interval from a partial reconciliation, not a claim of exhaustive migration."
A0120,E014,S12,00:07:14.100,00:07:16.700,VISUAL,,0.495,0.172,,,IMPORTED,Imported from legacy Project 12 object_id=26; normalized from hotspot track using source gap rule (>1s starts a new appearance),,,,"w/h unavailable in source export. High-density track: this row is a robust interval from a partial reconciliation, not a claim of exhaustive migration."
A0121,E014,S15,00:07:53.600,00:08:02.900,VISUAL,,,,,,IMPORTED,Imported from legacy Project 12 object_id=26; normalized from hotspot track using source gap rule (>1s starts a new appearance),,,,"w/h unavailable in source export. High-density track: this row is a robust interval from a partial reconciliation, not a claim of exhaustive migration."
A0122,E015,S06,00:03:00.000,00:03:02.100,VISUAL,,0.427,0.631,,,IMPORTED,Imported from legacy Project 12 object_id=31; normalized from hotspot track using source gap rule (>1s starts a new appearance),ADVERTISING,INTERACTIVE,,w/h unavailable in source export.
A0123,E015,S08,00:03:35.400,00:03:54.400,VISUAL,,0.582,0.85,,,IMPORTED,Imported from legacy Project 12 object_id=31; normalized from hotspot track using source gap rule (>1s starts a new appearance),ADVERTISING,INTERACTIVE,,w/h unavailable in source export.
A0124,E016,S08,00:03:49.000,00:04:08.000,VISUAL,,0.159,0.656,,,IMPORTED,Imported from legacy Project 12 object_id=33; normalized from hotspot track using source gap rule (>1s starts a new appearance),ADVERTISING,INTERACTIVE,,w/h unavailable in source export.
A0125,E016,S08,00:04:14.600,00:04:17.600,VISUAL,,0.128,0.716,,,IMPORTED,Imported from legacy Project 12 object_id=33; normalized from hotspot track using source gap rule (>1s starts a new appearance),ADVERTISING,INTERACTIVE,,w/h unavailable in source export.
A0126,E016,S12,00:06:51.600,00:06:54.600,VISUAL,,0.689,0.548,,,IMPORTED,Imported from legacy Project 12 object_id=33; normalized from hotspot track using source gap rule (>1s starts a new appearance),ADVERTISING,INTERACTIVE,,w/h unavailable in source export.
A0127,E016,S12,00:07:01.900,00:07:02.900,VISUAL,,0.835,0.619,,,IMPORTED,Imported from legacy Project 12 object_id=33; normalized from hotspot track using source gap rule (>1s starts a new appearance),ADVERTISING,INTERACTIVE,,w/h unavailable in source export.
A0128,E016,S12,00:07:15.200,00:07:16.200,VISUAL,,0.647,0.54,,,IMPORTED,Imported from legacy Project 12 object_id=33; normalized from hotspot track using source gap rule (>1s starts a new appearance),ADVERTISING,INTERACTIVE,,w/h unavailable in source export.
A0129,E016,S15,00:09:00.100,00:09:02.100,VISUAL,,0.328,0.465,,,IMPORTED,Imported from legacy Project 12 object_id=33; normalized from hotspot track using source gap rule (>1s starts a new appearance),ADVERTISING,INTERACTIVE,,w/h unavailable in source export.
A0130,E016,S16,00:09:10.300,00:09:13.300,VISUAL,,0.874,0.578,,,IMPORTED,Imported from legacy Project 12 object_id=33; normalized from hotspot track using source gap rule (>1s starts a new appearance),ADVERTISING,INTERACTIVE,,w/h unavailable in source export.
A0131,E016,S16,00:09:17.000,00:09:20.000,VISUAL,,0.795,0.652,,,IMPORTED,Imported from legacy Project 12 object_id=33; normalized from hotspot track using source gap rule (>1s starts a new appearance),ADVERTISING,INTERACTIVE,,w/h unavailable in source export.
A0132,E016,S16,00:09:24.000,00:09:26.000,VISUAL,,0.795,0.64,,,IMPORTED,Imported from legacy Project 12 object_id=33; normalized from hotspot track using source gap rule (>1s starts a new appearance),ADVERTISING,INTERACTIVE,,w/h unavailable in source export.
A0133,E016,S16,00:09:28.600,00:09:40.600,VISUAL,,0.879,0.569,,,IMPORTED,Imported from legacy Project 12 object_id=33; normalized from hotspot track using source gap rule (>1s starts a new appearance),ADVERTISING,INTERACTIVE,,w/h unavailable in source export.
A0134,E016,S16,00:09:47.200,00:09:50.200,VISUAL,,0.817,0.575,,,IMPORTED,Imported from legacy Project 12 object_id=33; normalized from hotspot track using source gap rule (>1s starts a new appearance),ADVERTISING,INTERACTIVE,,w/h unavailable in source export.
A0135,E016,S16,00:09:52.800,00:10:05.800,VISUAL,,0.815,0.573,,,IMPORTED,Imported from legacy Project 12 object_id=33; normalized from hotspot track using source gap rule (>1s starts a new appearance),ADVERTISING,INTERACTIVE,,w/h unavailable in source export.
A0136,E016,S16,00:10:11.100,00:10:21.100,VISUAL,,0.825,0.605,,,IMPORTED,Imported from legacy Project 12 object_id=33; normalized from hotspot track using source gap rule (>1s starts a new appearance),ADVERTISING,INTERACTIVE,,w/h unavailable in source export.
A0137,E016,S16,00:10:25.700,00:10:34.700,VISUAL,,0.508,0.519,,,IMPORTED,Imported from legacy Project 12 object_id=33; normalized from hotspot track using source gap rule (>1s starts a new appearance),ADVERTISING,INTERACTIVE,,w/h unavailable in source export.
A0138,E017,S10,00:04:39.800,00:04:41.800,VISUAL,,0.54,0.483,,,IMPORTED,Imported from legacy Project 12 object_id=35; normalized from hotspot track using source gap rule (>1s starts a new appearance),ADVERTISING,INTERACTIVE,,w/h unavailable in source export.
A0139,E018,S06,00:02:47.900,00:02:53.900,VISUAL,,0.795,0.673,,,IMPORTED,Imported from legacy Project 12 object_id=36; normalized from hotspot track using source gap rule (>1s starts a new appearance),ADVERTISING,INTERACTIVE,,w/h unavailable in source export.
A0140,E018,S06,00:03:00.500,00:03:04.500,VISUAL,,0.62,0.565,,,IMPORTED,Imported from legacy Project 12 object_id=36; normalized from hotspot track using source gap rule (>1s starts a new appearance),ADVERTISING,INTERACTIVE,,w/h unavailable in source export.
A0141,E018,S06,00:03:11.800,00:03:13.800,VISUAL,,0.596,0.578,,,IMPORTED,Imported from legacy Project 12 object_id=36; normalized from hotspot track using source gap rule (>1s starts a new appearance),ADVERTISING,INTERACTIVE,,w/h unavailable in source export.
A0142,E018,S06,00:03:26.800,00:03:27.800,VISUAL,,0.607,0.6,,,IMPORTED,Imported from legacy Project 12 object_id=36; normalized from hotspot track using source gap rule (>1s starts a new appearance),ADVERTISING,INTERACTIVE,,w/h unavailable in source export.
A0143,E018,S10,00:05:17.300,00:05:20.300,VISUAL,,0.526,0.403,,,IMPORTED,Imported from legacy Project 12 object_id=36; normalized from hotspot track using source gap rule (>1s starts a new appearance),ADVERTISING,INTERACTIVE,,w/h unavailable in source export.
A0144,E018,S10,00:05:22.900,00:05:25.900,VISUAL,,0.825,0.542,,,IMPORTED,Imported from legacy Project 12 object_id=36; normalized from hotspot track using source gap rule (>1s starts a new appearance),ADVERTISING,INTERACTIVE,,w/h unavailable in source export.
A0145,E018,S10,00:05:32.600,00:05:34.600,VISUAL,,0.747,0.43,,,IMPORTED,Imported from legacy Project 12 object_id=36; normalized from hotspot track using source gap rule (>1s starts a new appearance),ADVERTISING,INTERACTIVE,,w/h unavailable in source export.
A0146,E018,S10,00:05:36.600,00:05:39.600,VISUAL,,0.835,0.46,,,IMPORTED,Imported from legacy Project 12 object_id=36; normalized from hotspot track using source gap rule (>1s starts a new appearance),ADVERTISING,INTERACTIVE,,w/h unavailable in source export.
A0147,E018,S10,00:05:54.500,00:05:55.500,VISUAL,,0.833,0.503,,,IMPORTED,Imported from legacy Project 12 object_id=36; normalized from hotspot track using source gap rule (>1s starts a new appearance),ADVERTISING,INTERACTIVE,,w/h unavailable in source export.
A0148,E018,S10,00:05:58.800,00:05:59.800,VISUAL,,0.879,0.417,,,IMPORTED,Imported from legacy Project 12 object_id=36; normalized from hotspot track using source gap rule (>1s starts a new appearance),ADVERTISING,INTERACTIVE,,w/h unavailable in source export.
A0149,E018,S10,00:06:06.100,00:06:09.100,VISUAL,,0.841,0.511,,,IMPORTED,Imported from legacy Project 12 object_id=36; normalized from hotspot track using source gap rule (>1s starts a new appearance),ADVERTISING,INTERACTIVE,,w/h unavailable in source export.
A0150,E019,S10,00:05:17.000,00:05:20.000,VISUAL,,0.661,0.668,,,IMPORTED,Imported from legacy Project 12 object_id=37; normalized from hotspot track using source gap rule (>1s starts a new appearance),ADVERTISING,INTERACTIVE,,w/h unavailable in source export.
A0151,E019,S10,00:05:22.900,00:05:25.900,VISUAL,,0.847,0.92,,,IMPORTED,Imported from legacy Project 12 object_id=37; normalized from hotspot track using source gap rule (>1s starts a new appearance),ADVERTISING,INTERACTIVE,,w/h unavailable in source export.
A0152,E019,S10,00:05:37.600,00:05:39.600,VISUAL,,0.849,0.776,,,IMPORTED,Imported from legacy Project 12 object_id=37; normalized from hotspot track using source gap rule (>1s starts a new appearance),ADVERTISING,INTERACTIVE,,w/h unavailable in source export.
A0153,E019,S10,00:05:54.900,00:05:55.900,VISUAL,,0.845,0.923,,,IMPORTED,Imported from legacy Project 12 object_id=37; normalized from hotspot track using source gap rule (>1s starts a new appearance),ADVERTISING,INTERACTIVE,,w/h unavailable in source export.
A0154,E019,S10,00:05:58.400,00:05:59.400,VISUAL,,0.829,0.644,,,IMPORTED,Imported from legacy Project 12 object_id=37; normalized from hotspot track using source gap rule (>1s starts a new appearance),ADVERTISING,INTERACTIVE,,w/h unavailable in source export.
A0155,E019,S10,00:06:06.100,00:06:09.100,VISUAL,,0.843,0.913,,,IMPORTED,Imported from legacy Project 12 object_id=37; normalized from hotspot track using source gap rule (>1s starts a new appearance),ADVERTISING,INTERACTIVE,,w/h unavailable in source export.
A0156,E020,S12,00:06:27.400,00:06:30.400,VISUAL,,0.437,0.775,,,IMPORTED,Imported from legacy Project 12 object_id=38; normalized from hotspot track using source gap rule (>1s starts a new appearance),ADVERTISING,INTERACTIVE,,w/h unavailable in source export.
A0157,E020,S12,00:06:36.300,00:06:37.300,VISUAL,,0.48,0.482,,,IMPORTED,Imported from legacy Project 12 object_id=38; normalized from hotspot track using source gap rule (>1s starts a new appearance),ADVERTISING,INTERACTIVE,,w/h unavailable in source export.
A0158,E020,S12,00:06:47.300,00:06:48.300,VISUAL,,0.318,0.775,,,IMPORTED,Imported from legacy Project 12 object_id=38; normalized from hotspot track using source gap rule (>1s starts a new appearance),ADVERTISING,INTERACTIVE,,w/h unavailable in source export.
A0159,E021,S12,00:06:27.400,00:06:30.400,VISUAL,,0.556,0.474,,,IMPORTED,Imported from legacy Project 12 object_id=39; normalized from hotspot track using source gap rule (>1s starts a new appearance),ADVERTISING,INTERACTIVE,,w/h unavailable in source export.
A0160,E021,S12,00:06:39.700,00:06:40.700,VISUAL,,0.543,0.451,,,IMPORTED,Imported from legacy Project 12 object_id=39; normalized from hotspot track using source gap rule (>1s starts a new appearance),ADVERTISING,INTERACTIVE,,w/h unavailable in source export.
A0161,E021,S12,00:06:43.600,00:06:45.600,VISUAL,,0.715,0.634,,,IMPORTED,Imported from legacy Project 12 object_id=39; normalized from hotspot track using source gap rule (>1s starts a new appearance),ADVERTISING,INTERACTIVE,,w/h unavailable in source export.
A0162,E021,S12,00:06:47.600,00:06:50.600,VISUAL,,0.643,0.49,,,IMPORTED,Imported from legacy Project 12 object_id=39; normalized from hotspot track using source gap rule (>1s starts a new appearance),ADVERTISING,INTERACTIVE,,w/h unavailable in source export.
A0163,E022,S15,00:07:56.300,00:09:06.300,VISUAL,,0.706,0.519,,,IMPORTED,Imported from legacy Project 12 object_id=40; normalized from hotspot track using source gap rule (>1s starts a new appearance),ADVERTISING,INTERACTIVE,,w/h unavailable in source export.
A0164,E023,S15,00:07:56.300,00:08:05.300,VISUAL,,0.815,0.716,,,IMPORTED,Imported from legacy Project 12 object_id=41; normalized from hotspot track using source gap rule (>1s starts a new appearance),ADVERTISING,INTERACTIVE,,w/h unavailable in source export.
A0165,E023,S15,00:09:05.000,00:09:06.000,VISUAL,,0.778,0.809,,,IMPORTED,Imported from legacy Project 12 object_id=41; normalized from hotspot track using source gap rule (>1s starts a new appearance),ADVERTISING,INTERACTIVE,,w/h unavailable in source export.
A0166,E024,S20,00:12:09.300,00:12:15.300,VISUAL,,0.479,0.754,,,IMPORTED,Imported from legacy Project 12 object_id=42; normalized from hotspot track using source gap rule (>1s starts a new appearance),ADVERTISING,INTERACTIVE,,w/h unavailable in source export.
A0167,E024,S20,00:12:32.000,00:12:35.000,VISUAL,,0.694,0.596,,,IMPORTED,Imported from legacy Project 12 object_id=42; normalized from hotspot track using source gap rule (>1s starts a new appearance),ADVERTISING,INTERACTIVE,,w/h unavailable in source export.
A0168,E024,S20,00:12:38.100,00:12:43.100,VISUAL,,0.728,0.62,,,IMPORTED,Imported from legacy Project 12 object_id=42; normalized from hotspot track using source gap rule (>1s starts a new appearance),ADVERTISING,INTERACTIVE,,w/h unavailable in source export.
A0169,E024,S20,00:12:47.100,00:12:48.100,VISUAL,,0.718,0.623,,,IMPORTED,Imported from legacy Project 12 object_id=42; normalized from hotspot track using source gap rule (>1s starts a new appearance),ADVERTISING,INTERACTIVE,,w/h unavailable in source export.
A0170,E025,S20,00:12:19.600,00:12:22.600,VISUAL,,0.712,0.57,,,IMPORTED,Imported from legacy Project 12 object_id=43; normalized from hotspot track using source gap rule (>1s starts a new appearance),ADVERTISING,INTERACTIVE,,w/h unavailable in source export.
A0171,E025,S20,00:12:25.500,00:12:30.500,VISUAL,,0.826,0.603,,,IMPORTED,Imported from legacy Project 12 object_id=43; normalized from hotspot track using source gap rule (>1s starts a new appearance),ADVERTISING,INTERACTIVE,,w/h unavailable in source export.
A0172,E025,S20,00:12:36.200,00:12:37.200,VISUAL,,0.741,0.607,,,IMPORTED,Imported from legacy Project 12 object_id=43; normalized from hotspot track using source gap rule (>1s starts a new appearance),ADVERTISING,INTERACTIVE,,w/h unavailable in source export.
A0173,E025,S20,00:12:44.500,00:12:45.500,VISUAL,,0.854,0.619,,,IMPORTED,Imported from legacy Project 12 object_id=43; normalized from hotspot track using source gap rule (>1s starts a new appearance),ADVERTISING,INTERACTIVE,,w/h unavailable in source export.
A0174,E026,S20,00:12:09.300,00:12:15.300,VISUAL,,0.485,0.411,,,IMPORTED,Imported from legacy Project 12 object_id=44; normalized from hotspot track using source gap rule (>1s starts a new appearance),ADVERTISING,INTERACTIVE,,w/h unavailable in source export.
A0175,E026,S20,00:12:31.900,00:12:35.900,VISUAL,,0.5,0.963,,,IMPORTED,Imported from legacy Project 12 object_id=44; normalized from hotspot track using source gap rule (>1s starts a new appearance),ADVERTISING,INTERACTIVE,,w/h unavailable in source export.
A0176,E026,S20,00:12:38.500,00:12:43.500,VISUAL,,0.582,0.939,,,IMPORTED,Imported from legacy Project 12 object_id=44; normalized from hotspot track using source gap rule (>1s starts a new appearance),ADVERTISING,INTERACTIVE,,w/h unavailable in source export.
A0177,E026,S20,00:12:46.500,00:12:47.500,VISUAL,,0.492,0.915,,,IMPORTED,Imported from legacy Project 12 object_id=44; normalized from hotspot track using source gap rule (>1s starts a new appearance),ADVERTISING,INTERACTIVE,,w/h unavailable in source export.
A0178,E026,S26,00:18:43.700,00:18:45.700,VISUAL,,0.486,0.79,,,IMPORTED,Imported from legacy Project 12 object_id=44; normalized from hotspot track using source gap rule (>1s starts a new appearance),ADVERTISING,INTERACTIVE,,w/h unavailable in source export.
A0179,E026,S26,00:20:21.600,00:20:22.600,VISUAL,,0.385,0.93,,,IMPORTED,Imported from legacy Project 12 object_id=44; normalized from hotspot track using source gap rule (>1s starts a new appearance),ADVERTISING,INTERACTIVE,,w/h unavailable in source export.
A0180,E026,S26,00:20:25.900,00:20:26.900,VISUAL,,0.342,0.942,,,IMPORTED,Imported from legacy Project 12 object_id=44; normalized from hotspot track using source gap rule (>1s starts a new appearance),ADVERTISING,INTERACTIVE,,w/h unavailable in source export.
A0181,E026,S26,00:20:30.900,00:20:31.200,VISUAL,,0.418,0.922,,,IMPORTED,Imported from legacy Project 12 object_id=44; normalized from hotspot track using source gap rule (>1s starts a new appearance),ADVERTISING,INTERACTIVE,,w/h unavailable in source export.
A0182,E026,S26,00:22:32.700,00:22:41.700,VISUAL,,0.761,0.87,,,IMPORTED,Imported from legacy Project 12 object_id=44; normalized from hotspot track using source gap rule (>1s starts a new appearance),ADVERTISING,INTERACTIVE,,w/h unavailable in source export.
A0183,E026,S27,00:23:25.900,00:23:34.900,VISUAL,,0.537,0.764,,,IMPORTED,Imported from legacy Project 12 object_id=44; normalized from hotspot track using source gap rule (>1s starts a new appearance),ADVERTISING,INTERACTIVE,,w/h unavailable in source export.
A0184,E026,S28,00:24:10.700,00:24:18.700,VISUAL,,0.385,0.917,,,IMPORTED,Imported from legacy Project 12 object_id=44; normalized from hotspot track using source gap rule (>1s starts a new appearance),ADVERTISING,INTERACTIVE,,w/h unavailable in source export.
A0185,E026,S28,00:24:41.500,00:24:45.500,VISUAL,,0.419,0.877,,,IMPORTED,Imported from legacy Project 12 object_id=44; normalized from hotspot track using source gap rule (>1s starts a new appearance),ADVERTISING,INTERACTIVE,,w/h unavailable in source export.
A0186,E026,S30,00:25:30.000,00:25:31.000,VISUAL,,0.436,0.988,,,IMPORTED,Imported from legacy Project 12 object_id=44; normalized from hotspot track using source gap rule (>1s starts a new appearance),ADVERTISING,INTERACTIVE,,w/h unavailable in source export.
A0187,E027,S21,00:12:49.100,00:13:29.100,VISUAL,,0.382,0.467,,,IMPORTED,Imported from legacy Project 12 object_id=45; normalized from hotspot track using source gap rule (>1s starts a new appearance),ADVERTISING,INTERACTIVE,,w/h unavailable in source export.
A0188,E027,S24,00:14:47.300,00:14:52.300,VISUAL,,0.728,0.906,,,IMPORTED,Imported from legacy Project 12 object_id=45; normalized from hotspot track using source gap rule (>1s starts a new appearance),ADVERTISING,INTERACTIVE,,w/h unavailable in source export.
A0189,E027,S24,00:14:59.300,00:15:02.300,VISUAL,,0.467,0.534,,,IMPORTED,Imported from legacy Project 12 object_id=45; normalized from hotspot track using source gap rule (>1s starts a new appearance),ADVERTISING,INTERACTIVE,,w/h unavailable in source export.
A0190,E027,S24,00:15:04.900,00:15:05.900,VISUAL,,0.502,0.487,,,IMPORTED,Imported from legacy Project 12 object_id=45; normalized from hotspot track using source gap rule (>1s starts a new appearance),ADVERTISING,INTERACTIVE,,w/h unavailable in source export.
A0191,E027,S24,00:15:13.200,00:15:18.200,VISUAL,,0.491,0.505,,,IMPORTED,Imported from legacy Project 12 object_id=45; normalized from hotspot track using source gap rule (>1s starts a new appearance),ADVERTISING,INTERACTIVE,,w/h unavailable in source export.
A0192,E030,S03,00:01:01.700,00:01:05.400,VISUAL,,0.835,0.787,,,IMPORTED,Imported from legacy Project 12 object_id=104; normalized from hotspot track using source gap rule (>1s starts a new appearance),,,,w/h unavailable in source export.
A0193,E030,S05,00:02:04.300,00:02:07.500,VISUAL,,0.466,0.777,,,IMPORTED,Imported from legacy Project 12 object_id=104; normalized from hotspot track using source gap rule (>1s starts a new appearance),,,,w/h unavailable in source export.
A0194,E030,S05,00:02:36.400,00:02:42.500,VISUAL,,0.475,0.812,,,IMPORTED,Imported from legacy Project 12 object_id=104; normalized from hotspot track using source gap rule (>1s starts a new appearance),,,,w/h unavailable in source export.
A0195,E030,S12,00:06:26.700,00:06:31.000,VISUAL,,0.762,0.553,,,IMPORTED,Imported from legacy Project 12 object_id=104; normalized from hotspot track using source gap rule (>1s starts a new appearance),,,,w/h unavailable in source export.
A0196,E030,S12,00:06:43.700,00:06:45.700,VISUAL,,0.871,0.353,,,IMPORTED,Imported from legacy Project 12 object_id=104; normalized from hotspot track using source gap rule (>1s starts a new appearance),,,,w/h unavailable in source export.
A0197,E031,S05,00:01:49.200,00:01:52.700,VISUAL,,0.494,0.868,,,IMPORTED,Imported from legacy Project 12 object_id=105; normalized from hotspot track using source gap rule (>1s starts a new appearance),,,,"w/h unavailable in source export. High-density track: this row is a robust interval from a partial reconciliation, not a claim of exhaustive migration."
A0198,E031,S05,00:02:38.700,00:02:42.500,VISUAL,,0.652,0.884,,,IMPORTED,Imported from legacy Project 12 object_id=105; normalized from hotspot track using source gap rule (>1s starts a new appearance),,,,"w/h unavailable in source export. High-density track: this row is a robust interval from a partial reconciliation, not a claim of exhaustive migration."
A0199,E031,S08,00:03:35.200,00:03:54.900,VISUAL,,0.561,0.906,,,IMPORTED,Imported from legacy Project 12 object_id=105; normalized from hotspot track using source gap rule (>1s starts a new appearance),,,,"w/h unavailable in source export. High-density track: this row is a robust interval from a partial reconciliation, not a claim of exhaustive migration."
A0200,E031,S08,00:04:02.300,00:04:18.500,VISUAL,,0.502,0.908,,,IMPORTED,Imported from legacy Project 12 object_id=105; normalized from hotspot track using source gap rule (>1s starts a new appearance),,,,"w/h unavailable in source export. High-density track: this row is a robust interval from a partial reconciliation, not a claim of exhaustive migration."
A0201,E031,S08,00:04:32.100,00:04:34.600,VISUAL,,0.623,0.907,,,IMPORTED,Imported from legacy Project 12 object_id=105; normalized from hotspot track using source gap rule (>1s starts a new appearance),,,,"w/h unavailable in source export. High-density track: this row is a robust interval from a partial reconciliation, not a claim of exhaustive migration."
A0202,E031,S10,00:05:39.700,00:05:41.700,VISUAL,,0.505,0.81,,,IMPORTED,Imported from legacy Project 12 object_id=105; normalized from hotspot track using source gap rule (>1s starts a new appearance),,,,"w/h unavailable in source export. High-density track: this row is a robust interval from a partial reconciliation, not a claim of exhaustive migration."
A0203,E031,S21,00:13:23.300,00:13:29.300,VISUAL,,0.641,0.893,,,IMPORTED,Imported from legacy Project 12 object_id=105; normalized from hotspot track using source gap rule (>1s starts a new appearance),,,,"w/h unavailable in source export. High-density track: this row is a robust interval from a partial reconciliation, not a claim of exhaustive migration."
A0204,E031,S22,00:13:30.300,00:13:32.900,VISUAL,,0.383,0.888,,,IMPORTED,Imported from legacy Project 12 object_id=105; normalized from hotspot track using source gap rule (>1s starts a new appearance),,,,"w/h unavailable in source export. High-density track: this row is a robust interval from a partial reconciliation, not a claim of exhaustive migration."
A0205,E031,S24,00:14:45.600,00:14:49.300,VISUAL,,0.494,0.885,,,IMPORTED,Imported from legacy Project 12 object_id=105; normalized from hotspot track using source gap rule (>1s starts a new appearance),,,,"w/h unavailable in source export. High-density track: this row is a robust interval from a partial reconciliation, not a claim of exhaustive migration."
A0206,E031,S24,00:15:15.600,00:15:18.500,VISUAL,,0.893,0.499,,,IMPORTED,Imported from legacy Project 12 object_id=105; normalized from hotspot track using source gap rule (>1s starts a new appearance),,,,"w/h unavailable in source export. High-density track: this row is a robust interval from a partial reconciliation, not a claim of exhaustive migration."
A0207,E031,S24,00:15:18.600,00:15:20.800,VISUAL,,0.469,0.858,,,IMPORTED,Imported from legacy Project 12 object_id=105; normalized from hotspot track using source gap rule (>1s starts a new appearance),,,,"w/h unavailable in source export. High-density track: this row is a robust interval from a partial reconciliation, not a claim of exhaustive migration."
A0208,E031,S24,00:15:53.900,00:15:57.400,VISUAL,,0.825,0.497,,,IMPORTED,Imported from legacy Project 12 object_id=105; normalized from hotspot track using source gap rule (>1s starts a new appearance),,,,"w/h unavailable in source export. High-density track: this row is a robust interval from a partial reconciliation, not a claim of exhaustive migration."
A0209,E032,S05,00:01:50.700,00:01:52.700,VISUAL,,0.639,0.813,,,IMPORTED,Imported from legacy Project 12 object_id=106; normalized from hotspot track using source gap rule (>1s starts a new appearance),,,,"w/h unavailable in source export. High-density track: this row is a robust interval from a partial reconciliation, not a claim of exhaustive migration."
A0210,E032,S08,00:03:35.200,00:03:54.900,VISUAL,,0.964,0.873,,,IMPORTED,Imported from legacy Project 12 object_id=106; normalized from hotspot track using source gap rule (>1s starts a new appearance),,,,"w/h unavailable in source export. High-density track: this row is a robust interval from a partial reconciliation, not a claim of exhaustive migration."
A0211,E032,S08,00:04:02.300,00:04:14.400,VISUAL,,0.964,0.872,,,IMPORTED,Imported from legacy Project 12 object_id=106; normalized from hotspot track using source gap rule (>1s starts a new appearance),,,,"w/h unavailable in source export. High-density track: this row is a robust interval from a partial reconciliation, not a claim of exhaustive migration."
A0212,E032,S08,00:04:32.100,00:04:34.600,VISUAL,,0.964,0.872,,,IMPORTED,Imported from legacy Project 12 object_id=106; normalized from hotspot track using source gap rule (>1s starts a new appearance),,,,"w/h unavailable in source export. High-density track: this row is a robust interval from a partial reconciliation, not a claim of exhaustive migration."
A0213,E032,S15,00:08:09.900,00:08:12.700,VISUAL,,,,,,IMPORTED,Imported from legacy Project 12 object_id=106; normalized from hotspot track using source gap rule (>1s starts a new appearance),,,,"w/h unavailable in source export. High-density track: this row is a robust interval from a partial reconciliation, not a claim of exhaustive migration."
A0214,E032,S15,00:08:20.300,00:08:22.900,VISUAL,,0.483,0.942,,,IMPORTED,Imported from legacy Project 12 object_id=106; normalized from hotspot track using source gap rule (>1s starts a new appearance),,,,"w/h unavailable in source export. High-density track: this row is a robust interval from a partial reconciliation, not a claim of exhaustive migration."
A0215,E032,S15,00:08:33.100,00:08:35.600,VISUAL,,0.505,0.945,,,IMPORTED,Imported from legacy Project 12 object_id=106; normalized from hotspot track using source gap rule (>1s starts a new appearance),,,,"w/h unavailable in source export. High-density track: this row is a robust interval from a partial reconciliation, not a claim of exhaustive migration."
A0216,E032,S15,00:08:44.900,00:08:47.500,VISUAL,,0.938,0.916,,,IMPORTED,Imported from legacy Project 12 object_id=106; normalized from hotspot track using source gap rule (>1s starts a new appearance),,,,"w/h unavailable in source export. High-density track: this row is a robust interval from a partial reconciliation, not a claim of exhaustive migration."
A0217,E032,S15,00:08:49.200,00:08:52.300,VISUAL,,0.932,0.915,,,IMPORTED,Imported from legacy Project 12 object_id=106; normalized from hotspot track using source gap rule (>1s starts a new appearance),,,,"w/h unavailable in source export. High-density track: this row is a robust interval from a partial reconciliation, not a claim of exhaustive migration."
A0218,E032,S16,00:09:41.400,00:09:47.000,VISUAL,,0.646,0.836,,,IMPORTED,Imported from legacy Project 12 object_id=106; normalized from hotspot track using source gap rule (>1s starts a new appearance),,,,"w/h unavailable in source export. High-density track: this row is a robust interval from a partial reconciliation, not a claim of exhaustive migration."
A0219,E032,S22,00:13:35.300,00:13:39.700,VISUAL,,0.189,0.635,,,IMPORTED,Imported from legacy Project 12 object_id=106; normalized from hotspot track using source gap rule (>1s starts a new appearance),,,,"w/h unavailable in source export. High-density track: this row is a robust interval from a partial reconciliation, not a claim of exhaustive migration."
A0220,E032,S22,00:13:46.500,00:13:50.000,VISUAL,,0.218,0.621,,,IMPORTED,Imported from legacy Project 12 object_id=106; normalized from hotspot track using source gap rule (>1s starts a new appearance),,,,"w/h unavailable in source export. High-density track: this row is a robust interval from a partial reconciliation, not a claim of exhaustive migration."
A0221,E032,S22,00:14:00.600,00:14:02.600,VISUAL,,0.066,0.944,,,IMPORTED,Imported from legacy Project 12 object_id=106; normalized from hotspot track using source gap rule (>1s starts a new appearance),,,,"w/h unavailable in source export. High-density track: this row is a robust interval from a partial reconciliation, not a claim of exhaustive migration."
A0222,E032,S27,00:23:25.300,00:23:35.000,VISUAL,,0.293,0.83,,,IMPORTED,Imported from legacy Project 12 object_id=106; normalized from hotspot track using source gap rule (>1s starts a new appearance),,,,"w/h unavailable in source export. High-density track: this row is a robust interval from a partial reconciliation, not a claim of exhaustive migration."
A0223,E032,S28,00:24:09.700,00:24:18.200,VISUAL,,0.584,0.937,,,IMPORTED,Imported from legacy Project 12 object_id=106; normalized from hotspot track using source gap rule (>1s starts a new appearance),,,,"w/h unavailable in source export. High-density track: this row is a robust interval from a partial reconciliation, not a claim of exhaustive migration."
A0224,E032,S28,00:24:40.900,00:24:45.900,VISUAL,,0.584,0.935,,,IMPORTED,Imported from legacy Project 12 object_id=106; normalized from hotspot track using source gap rule (>1s starts a new appearance),,,,"w/h unavailable in source export. High-density track: this row is a robust interval from a partial reconciliation, not a claim of exhaustive migration."
A0225,E032,S30,00:25:24.200,00:25:26.200,VISUAL,,0.37,0.839,,,IMPORTED,Imported from legacy Project 12 object_id=106; normalized from hotspot track using source gap rule (>1s starts a new appearance),,,,"w/h unavailable in source export. High-density track: this row is a robust interval from a partial reconciliation, not a claim of exhaustive migration."
A0226,E032,S30,00:25:53.200,00:25:56.500,VISUAL,,0.203,0.832,,,IMPORTED,Imported from legacy Project 12 object_id=106; normalized from hotspot track using source gap rule (>1s starts a new appearance),,,,"w/h unavailable in source export. High-density track: this row is a robust interval from a partial reconciliation, not a claim of exhaustive migration."
A0227,E033,S05,00:02:04.300,00:02:07.500,VISUAL,,0.677,0.653,,,IMPORTED,Imported from legacy Project 12 object_id=107; normalized from hotspot track using source gap rule (>1s starts a new appearance),,,,w/h unavailable in source export.
A0228,E033,S10,00:05:00.300,00:05:03.100,VISUAL,,0.835,0.872,,,IMPORTED,Imported from legacy Project 12 object_id=107; normalized from hotspot track using source gap rule (>1s starts a new appearance),,,,w/h unavailable in source export.
A0229,E033,S28,00:24:41.100,00:24:43.500,VISUAL,,0.097,0.879,,,IMPORTED,Imported from legacy Project 12 object_id=107; normalized from hotspot track using source gap rule (>1s starts a new appearance),,,,w/h unavailable in source export.
A0230,E034,S05,00:02:13.000,00:02:15.400,VISUAL,,0.83,0.718,,,IMPORTED,Imported from legacy Project 12 object_id=108; normalized from hotspot track using source gap rule (>1s starts a new appearance),,,,w/h unavailable in source export.
A0231,E034,S05,00:02:24.100,00:02:27.500,VISUAL,,0.831,0.716,,,IMPORTED,Imported from legacy Project 12 object_id=108; normalized from hotspot track using source gap rule (>1s starts a new appearance),,,,w/h unavailable in source export.
A0232,E034,S05,00:02:30.200,00:02:36.200,VISUAL,,0.822,0.713,,,IMPORTED,Imported from legacy Project 12 object_id=108; normalized from hotspot track using source gap rule (>1s starts a new appearance),,,,w/h unavailable in source export.
A0233,E034,S05,00:02:42.600,00:02:44.600,VISUAL,,0.826,0.721,,,IMPORTED,Imported from legacy Project 12 object_id=108; normalized from hotspot track using source gap rule (>1s starts a new appearance),,,,w/h unavailable in source export.
A0234,E034,S12,00:06:27.400,00:06:31.000,VISUAL,,0.024,0.648,,,IMPORTED,Imported from legacy Project 12 object_id=108; normalized from hotspot track using source gap rule (>1s starts a new appearance),,,,w/h unavailable in source export.
A0235,E034,S18,00:11:24.000,00:11:27.400,VISUAL,,0.687,0.503,,,IMPORTED,Imported from legacy Project 12 object_id=108; normalized from hotspot track using source gap rule (>1s starts a new appearance),,,,w/h unavailable in source export.
A0236,E035,S08,00:04:21.900,00:04:24.100,VISUAL,,0.316,0.22,,,IMPORTED,Imported from legacy Project 12 object_id=109; normalized from hotspot track using source gap rule (>1s starts a new appearance),,,,w/h unavailable in source export.
A0237,E035,S08,00:04:27.700,00:04:30.000,VISUAL,,0.306,0.191,,,IMPORTED,Imported from legacy Project 12 object_id=109; normalized from hotspot track using source gap rule (>1s starts a new appearance),,,,w/h unavailable in source export.
A0238,E035,S11,00:06:14.500,00:06:18.100,VISUAL,,0.429,0.263,,,IMPORTED,Imported from legacy Project 12 object_id=109; normalized from hotspot track using source gap rule (>1s starts a new appearance),,,,w/h unavailable in source export.
A0239,E035,S11,00:06:22.200,00:06:24.800,VISUAL,,0.419,0.232,,,IMPORTED,Imported from legacy Project 12 object_id=109; normalized from hotspot track using source gap rule (>1s starts a new appearance),,,,w/h unavailable in source export.
A0240,E035,S12,00:07:07.000,00:07:10.500,VISUAL,,0.625,0.244,,,IMPORTED,Imported from legacy Project 12 object_id=109; normalized from hotspot track using source gap rule (>1s starts a new appearance),,,,w/h unavailable in source export.
A0241,E035,S13,00:07:26.900,00:07:30.000,VISUAL,,0.354,0.266,,,IMPORTED,Imported from legacy Project 12 object_id=109; normalized from hotspot track using source gap rule (>1s starts a new appearance),,,,w/h unavailable in source export.
A0242,E035,S26,00:19:12.500,00:19:14.700,VISUAL,,0.68,0.337,,,IMPORTED,Imported from legacy Project 12 object_id=109; normalized from hotspot track using source gap rule (>1s starts a new appearance),,,,w/h unavailable in source export.
A0243,E036,S24,00:15:39.100,00:15:41.900,VISUAL,,0.622,0.889,,,IMPORTED,Imported from legacy Project 12 object_id=118; normalized from hotspot track using source gap rule (>1s starts a new appearance),,,,w/h unavailable in source export.
