04 · Advertising Contexts,,,,,,,,,
AdvertisingContext sustituye a la oportunidad genérica. Elige contexto y Context Quality HIGH/MEDIUM/LOW y justifica la fuerza intrínseca del contexto.,,,,,,,,,
,,,,,,,,,
advertising_context_id_ref,context,context_quality,scene_ref_1,scene_ref_2,scene_ref_3,elements_involved,rationale,provenance,notes
AC01,Travel,HIGH,S07,S25,S29,E009 Restaurant Terra Nera; E010 Place de l ´estrapade; E017 Tiffany & Co - Champs Elisses,"Highly recurrent and visually prominent Paris context across the episode, supported by establishing shots, recognizable urban locations, riverfront/street settings and repeated place-oriented evidence.",Reviewed S01-S34 + normalized legacy Project 12 hotspot export,"Scene refs are representative, not exhaustive."
AC02,Fashion,HIGH,S03,S12,S26,E005 Neon Check Blazer; E007 Alpha Handbag; E011 Carasky Crossbody; E016 Traje Slimfit de lana Virgen; E018 Velvet fuchsia jacket & pants; E023 Triomphe in shiny calfskin jade; E027 Germanier AW22 Collection,"Fashion is materially present throughout the episode through recurrent wardrobe, handbags, accessories, formal looks and a major fashion-event sequence, with strong temporal recurrence and a broad supporting inventory.",Reviewed S01-S34 + normalized legacy Project 12 hotspot export,Additional Fashion items exist beyond the representative list.
AC03,Food & Beverage,HIGH,S15,S22,S30,E001 Coca-cola; E004 Daily8 Water Jug; E009 Restaurant Terra Nera; E032 [AI] Cup; E036 [AI] Cake,"Repeated restaurant, bar and café environments plus visible beverage/food-related objects create a coherent and recurring commercial context across several distinct scenes.",Reviewed S01-S34 + normalized legacy Project 12 hotspot export,Generic AI-labeled objects support category context but are not treated as validated product identities.
AC04,Luxury,HIGH,S10,S12,S26,E017 Tiffany & Co - Champs Elisses; E020 Overseas Chronograph; E023 Triomphe in shiny calfskin jade; E027 Germanier AW22 Collection,"Luxury is supported by an explicit Tiffany & Co retail scene, premium watch/fashion items and high-end fashion/event settings. Quality is based on repeated contextual evidence, not brand presence alone.",Reviewed S01-S34 + normalized legacy Project 12 hotspot export,Product/brand canonical identity remains subject to validation where the export label is not explicit.
AC05,Technology,MEDIUM,S08,S21,S27,E012 Galaxy S23 Ultra Negro; E013 Galaxy S23 Ultra Rosa; E015 MacBook Air; E026 Galaxy Z Flip 7,"Multiple device-oriented appearances support a clear Technology context, especially around messaging and office communication, but the context is concentrated in fewer scenes than the episode's strongest categories.",Reviewed S01-S34 + normalized legacy Project 12 hotspot export,Brand fields are left blank where the source export does not explicitly name the brand.
AC06,Home & Living,MEDIUM,S18,S27,,E014 Lampara Liam; E030 [AI] Vase; E031 [AI] Desk; E034 [AI] Cabinet/shelf,Domestic/interior scenes are supported by multiple furniture and décor objects. The evidence is meaningful but concentrated in a limited number of scenes.,Reviewed S01-S34 + normalized legacy Project 12 hotspot export,Dense furniture tracks are treated conservatively and require migration QA for exhaustive appearance counts.
AC07,Family,LOW,S05,,,,"Family is materially present in one reviewed scene through infant/baby-related visual evidence, but recurrence across the episode is limited.",Reviewed S01-S34,No supporting legacy InventoryItem with sufficiently explicit family identity was found in the normalized subset.
AC08,Beauty,LOW,S12,,,,"Beauty has a credible but narrow signal in the reviewed episode, primarily around perfume/beauty-adjacent evidence in a single strong scene; recurrence is insufficient for a higher quality level.",Reviewed S01-S34,No Beauty product identity is asserted from the legacy export.
